customer_id,customer_unique_id,customer_city,customer_state,customer_zip_code_prefix,created_at
CUST-1001,USER-A819,Austin,TX,78701,2024-01-10 08:14:22
CUST-1002,USER-B223,Seattle,WA,98101,2024-01-11 11:30:45
CUST-1003,USER-C450,Chicago,IL,60601,2024-01-12 14:15:10
CUST-1004,USER-D912,San Francisco,CA,94102,2024-01-15 09:22:18
CUST-1005,USER-E334,New York,NY,10001,2024-01-18 16:45:33
CUST-1006,USER-F881,Boston,MA,02108,2024-01-20 10:05:50
CUST-1007,USER-A819,Austin,TX,78701,2024-01-22 13:40:12
CUST-1008,USER-G621,Denver,CO,80202,2024-01-25 15:18:29
CUST-1009,USER-H743,Atlanta,GA,30303,2024-01-28 17:50:04
CUST-1010,USER-K198,Miami,FL,33101,2024-02-01 12:11:36
CUST-1011,USER-L552,Dallas,TX,75201,2024-02-03 14:20:00
CUST-1012,USER-M904,Portland,OR,97201,2024-02-05 18:05:44
CUST-1013,USER-N319,San Diego,CA,92101,2024-02-08 09:44:12
CUST-1014,USER-P771,Phoenix,AZ,85001,2024-02-10 11:25:30
CUST-1015,USER-Q482,Minneapolis,MN,55401,2024-02-12 16:35:19
