order_id,order_item_id,product_id,price,freight_value,shipping_limit_date
ORD-7001,1,PROD-101,149.99,14.50,2024-01-20 18:00:00
ORD-7002,1,PROD-102,79.50,11.20,2024-01-22 18:00:00
ORD-7003,1,PROD-103,320.00,22.00,2024-01-24 18:00:00
ORD-7003,2,PROD-108,45.00,8.50,2024-01-24 18:00:00
ORD-7004,1,PROD-104,185.00,25.00,2024-01-26 18:00:00
ORD-7005,1,PROD-105,89.90,12.00,2024-01-28 18:00:00
ORD-7006,1,PROD-106,35.00,9.00,2024-01-31 18:00:00
ORD-7007,1,PROD-101,149.99,14.50,2024-02-03 18:00:00
ORD-7007,2,PROD-109,55.00,10.00,2024-02-03 18:00:00
ORD-7008,1,PROD-107,450.00,38.00,2024-02-07 18:00:00
ORD-7009,1,PROD-110,115.00,16.50,2024-02-10 18:00:00
ORD-7010,1,PROD-102,79.50,11.20,2024-02-13 18:00:00
ORD-7011,1,PROD-103,320.00,22.00,2024-02-16 18:00:00
ORD-7012,1,PROD-106,35.00,9.00,2024-02-20 18:00:00
ORD-7013,1,PROD-105,89.90,12.00,2024-02-24 18:00:00
ORD-7014,1,PROD-108,45.00,8.50,2024-02-28 18:00:00
ORD-7015,1,PROD-104,185.00,25.00,2024-03-02 18:00:00
ORD-7015,2,PROD-101,149.99,14.50,2024-03-02 18:00:00
ORD-BAD2,1,PROD-101,-25.00,10.00,2024-02-25 18:00:00
