order_id,customer_id,order_status,order_purchase_timestamp,order_approved_at,order_delivered_carrier_date,order_delivered_customer_date,order_estimated_delivery_date
ORD-7001,CUST-1001,delivered,2024-01-15 10:20:00,2024-01-15 10:35:12,2024-01-16 14:00:00,2024-01-19 15:30:00,2024-01-22 00:00:00
ORD-7002,CUST-1002,delivered,2024-01-16 11:15:30,2024-01-16 11:45:00,2024-01-17 09:12:00,2024-01-20 18:22:00,2024-01-24 00:00:00
ORD-7003,CUST-1003,delivered,2024-01-18 14:05:12,2024-01-18 14:20:05,2024-01-19 13:40:00,2024-01-23 11:10:00,2024-01-26 00:00:00
ORD-7004,CUST-1004,shipped,2024-01-20 09:40:55,2024-01-20 10:00:10,2024-01-21 16:15:00,,,2024-01-28 00:00:00
ORD-7005,CUST-1005,delivered,2024-01-22 16:30:22,2024-01-22 17:00:00,2024-01-23 11:20:00,2024-01-27 14:45:00,2024-01-30 00:00:00
ORD-7006,CUST-1006,delivered,2024-01-25 08:50:11,2024-01-25 09:15:00,2024-01-26 10:05:00,2024-01-30 16:10:00,2024-02-03 00:00:00
ORD-7007,CUST-1007,delivered,2024-01-28 13:12:44,2024-01-28 13:40:20,2024-01-29 15:30:00,2024-02-02 12:20:00,2024-02-05 00:00:00
ORD-7008,CUST-1008,canceled,2024-02-01 19:22:01,2024-02-01 19:40:00,,,,2024-02-08 00:00:00
ORD-7009,CUST-1009,delivered,2024-02-04 12:05:18,2024-02-04 12:30:00,2024-02-05 14:10:00,2024-02-09 17:00:00,2024-02-12 00:00:00
ORD-7010,CUST-1010,delivered,2024-02-07 15:45:30,2024-02-07 16:10:15,2024-02-08 10:20:00,2024-02-12 11:35:00,2024-02-15 00:00:00
ORD-7011,CUST-1011,delivered,2024-02-10 17:10:00,2024-02-10 17:35:00,2024-02-11 11:00:00,2024-02-15 14:15:00,2024-02-18 00:00:00
ORD-7012,CUST-1012,processing,2024-02-14 11:00:25,2024-02-14 11:20:00,,,,2024-02-21 00:00:00
ORD-7013,CUST-1013,delivered,2024-02-18 10:15:42,2024-02-18 10:45:00,2024-02-19 14:20:00,2024-02-23 15:50:00,2024-02-27 00:00:00
ORD-7014,CUST-1014,delivered,2024-02-22 14:35:10,2024-02-22 15:00:00,2024-02-23 09:40:00,2024-02-27 18:05:00,2024-03-02 00:00:00
ORD-7015,CUST-1015,delivered,2024-02-25 16:40:50,2024-02-25 17:05:10,2024-02-26 12:15:00,2024-03-01 13:25:00,2024-03-05 00:00:00
ORD-7005,CUST-1005,delivered,2024-01-22 16:30:22,2024-01-22 17:00:00,2024-01-23 11:20:00,2024-01-27 14:45:00,2024-01-30 00:00:00
ORD-BAD1,,delivered,2024-02-26 09:00:00,2024-02-26 09:15:00,2024-02-27 10:00:00,2024-03-02 12:00:00,2024-03-05 00:00:00
